Metric,Value
Average Root Mean Squared Error,1.1999944755538205
Average Mean Absolute Error,0.9434299189728803
Average Pearson Correlation,0.49834820551481795
Average QWK,0.41784238084066755
Average Precision,0.9954639106126522
Average Recall,0.7735034517880048
